_id,name,userId,resume,phone,address,skills,appliedJobs,createdAt,followingCompanies,followingApplicants
67565a3613af45a9c7b06fb5,Ahaan,1234023,jkykjxpdrirzfxtkpwfuhkutxhcllpplqtnmauxeenfvdvnmfw,(761) 703-7268,"8575 Highland Ave, San Jose, Massachusetts","['CSS', 'Python', 'HTML', 'React', 'Node.js']",[1234172],2022-07-28,[34043],"[1234135, 1234029, 1234131]"
67565a3613af45a9c7b06fb6,Aayush,1234049,ipklircrqbhrlvvqgiszajmktxdtzhhidbmfjtlxuovdxthife,(923) 330-9208,"7155 Maple St, Los Angeles, Missouri","['React', 'Python', 'Java', 'CSS', 'Django']",[1234016],2024-03-19,[34180],"[1234066, 1234025, 1234168]"
67565a3613af45a9c7b06fb7,Aayush,1234029,oifwlkmlzqdxdihcunxcbrdtmzavyfzmtolznvgthyvkmzoexr,(816) 530-6887,"2909 Highland Ave, San Diego, Washington","['Java', 'Django', 'SQL']","[1234073, 1234062, 1234106]",2024-03-24,[],[]
67565a3613af45a9c7b06fb8,Advik,1234161,fuzpflgwifanhuoqktthewnspujthayjovfostfqimlurezqgm,(497) 702-2149,"1290 Oak St, San Francisco, Nevada",['Django'],"[1234002, 1234158]",2022-07-02,[34048],"[1234165, 1234036]"
67565a3613af45a9c7b06fb9,Ahaan,1234095,dnrrxplhacknfrnteyctqqlgpkegdkxrkxmqbfcaqzhumupnmm,(616) 290-1918,"3356 Maple St, San Diego, New York","['CSS', 'Django', 'HTML', 'SQL', 'C++']","[1234159, 1234073, 1234126]",2022-01-28,"[34053, 34155]","[1234070, 1234045, 1234187]"
67565a3613af45a9c7b06fba,Ahaan,1234116,vfjuokwtgsbhzbvpmpcceaxkocjflimzyaebtpstfwopbkpvwq,(550) 715-6743,"2877 Highland Ave, San Francisco, Arkansas",['Node.js'],[1234051],2023-01-03,[34085],"[1234001, 1234109, 1234064]"
67565a3613af45a9c7b06fbb,Arjun,1234020,ynzohuiclpmobtuvyhzydrxkeqpygmyrqbozstwhscqoiefxgt,(875) 942-6946,"8509 Oak St, San Diego, Alabama","['Java', 'Node.js']","[1234140, 1234077, 1234111]",2023-01-28,[34038],"[1234147, 1234126, 1234097]"
67565a3613af45a9c7b06fbc,Arhaan,1234127,xsnktglxdvvcgpprljsfrtiounormvhvzhllwzdyftcjpzchsa,(592) 389-1324,"6529 Oak St, San Diego, Idaho","['JavaScript', 'SQL']",[1234057],2022-02-07,"[34021, 34099, 34127]","[1234096, 1234066]"
67565a3613af45a9c7b06fbd,Advik,1234191,pdsqkcvqmsamwotsypxrwsljnqwnsrvzeutqprrrgxdsrrzgtb,(176) 632-2277,"8929 Oak St, San Francisco, North Dakota","['Java', 'JavaScript']","[1234120, 1234194, 1234138]",2024-08-09,[34082],"[1234180, 1234178, 1234134]"
67565a3613af45a9c7b06fbe,Aayansh,1234019,kkxqstsqensvuwrclbypjtsguoptmyjacxmddxzyxublslxhzh,(502) 452-6065,"7977 Main St, Los Angeles, New Hampshire","['CSS', 'HTML', 'C++']",[],2023-11-11,[],[]
67565a3613af45a9c7b06fbf,Aarush,1234090,ecbummxbzsbxvrwwipnlfbzmvnvssjgcyekdatptwmmzgpquls,(675) 960-7404,"8225 Main St, San Diego, Kentucky","['Node.js', 'HTML', 'React']",[1234145],2022-11-18,[34150],"[1234087, 1234031, 1234116]"
67565a3613af45a9c7b06fc0,Arnav,1234195,qmazehqebybucxhxzhoosgvjcyiqlegdkxzwxcjzdzgqqgqubf,(992) 481-2379,"6428 Maple St, San Jose, New York","['C++', 'CSS', 'JavaScript', 'Java']",[1234036],2023-08-30,"[34154, 34157]",[1234121]
67565a3613af45a9c7b06fc1,Aarav,1234134,ukxvmweljypgylgqpezdefdareitlmzfyennxjrozmwtmhajhh,(289) 326-4997,"1303 Highland Ave, San Diego, New Mexico","['React', 'Django', 'Java', 'Python']",[],2022-01-07,[],"[1234061, 1234027, 1234168]"
67565a3613af45a9c7b06fc2,Aayansh,1234080,mvnnmawixnrgkkapwmlmxcfawhdjayveieespxusavluxrzlqt,(917) 395-1762,"6090 Highland Ave, San Diego, California",['Django'],"[1234033, 1234051, 1234092]",2022-02-25,[34039],[1234134]
67565a3613af45a9c7b06fc3,Aarav,1234156,fhzcafnjmjcmjpwqdwcsjwezzikjztlydqqhhvxfqzrjzpxtkp,(614) 269-3595,"3460 Highland Ave, San Jose, Nebraska",['HTML'],"[1234043, 1234106]",2024-04-05,"[34097, 34192, 34198]","[1234021, 1234085, 1234142]"
67565a3613af45a9c7b06fc4,Aayansh,1234121,rcudaokcytljyowqsbihunxjbatgvhgdtbsriuuurubrdfndhz,(569) 724-2393,"2400 Main St, San Jose, Kansas","['CSS', 'SQL', 'Node.js']",[1234037],2024-08-21,[34159],[1234128]
67565a3613af45a9c7b06fc5,Aarav,1234120,abksefmbrwtvylnisophgbpupdyzgaplvsqueboroxdjthlkzh,(316) 895-5464,"3825 Maple St, San Diego, Pennsylvania","['JavaScript', 'C++', 'CSS', 'SQL']","[1234175, 1234045]",2023-02-24,[34068],"[1234184, 1234022]"
67565a3613af45a9c7b06fc6,Ahaan,1234007,rbdzxpkhfdbocpgipysqaexuawllvpnyfwbxbkjbgmpruwcsrf,(667) 594-5620,"6522 Main St, San Francisco, Nebraska","['SQL', 'React']",[],2024-03-15,[34132],[1234010]
67565a3613af45a9c7b06fc7,Aarav,1234001,lkjcauyzboikstlcururtrpvdehamfdcyqvlurntlqcuoiwpoc,(196) 112-8590,"8304 Oak St, San Francisco, California","['Node.js', 'React', 'CSS']",[1234153],2022-11-11,"[34012, 34095, 34198]",[]
67565a3613af45a9c7b06fc8,Aarush,1234114,xddmchjlcejjjeurkxsrcezoyerfeuyfmvmsyfcbuigzcuevhs,(915) 343-9565,"3280 Highland Ave, San Jose, Missouri",['Java'],"[1234104, 1234192]",2024-09-21,[],[]
67565a3613af45a9c7b06fc9,Advik,1234093,niokkxmjbjbfyssprxarovuldlbmokagvcdifitsjhwwmcqzma,(178) 439-2440,"4129 Main St, San Jose, Massachusetts","['SQL', 'React', 'Django']",[],2023-09-20,[],[]
67565a3613af45a9c7b06fca,Aarav,1234151,ciajyskwvffsavlhaczwgaffijbauzifgmstcyuamcvnlnvodv,(385) 794-6310,"2986 Highland Ave, San Jose, Delaware","['SQL', 'React', 'Node.js', 'Django', 'Python']",[1234025],2024-05-28,[],[1234048]
67565a3613af45a9c7b06fcb,Aayansh,1234180,jdsynzjjsolokngzvlpdjrykaxxzbuaonrncnjiosfliqfrsxb,(213) 391-5324,"8990 Main St, San Francisco, Idaho","['SQL', 'Node.js']","[1234166, 1234052, 1234010]",2023-02-14,[34123],[1234055]
67565a3613af45a9c7b06fcc,Shaurya,1234111,kbhgjhzqlhtqciqfibeamvtrrpolgiigxyydhqedabqaprcijy,(404) 121-6660,"5895 Maple St, San Francisco, South Dakota",['CSS'],"[1234000, 1234011, 1234190]",2022-02-12,[],[1234138]
67565a3613af45a9c7b06fcd,Dhruv,1234128,zaxnqiibjhawffbdwlyhryqkjgfdquqiiuixgckfsjhqyotvrb,(876) 864-6718,"374 Oak St, San Francisco, New York","['React', 'Node.js', 'JavaScript', 'SQL', 'C++']",[1234086],2022-04-25,[],"[1234064, 1234026]"
67565a3613af45a9c7b06fce,Ahaan,1234053,ffcocijqolmmalvpjvvrpastxemmcnvmlnumyevoafndhefutc,(719) 585-8587,"7906 Maple St, Los Angeles, Indiana","['HTML', 'C++', 'CSS', 'Django', 'SQL']","[1234126, 1234139]",2022-11-16,[34129],"[1234171, 1234172, 1234065]"
67565a3613af45a9c7b06fcf,Aarav,1234105,nhikwcjufkhhkgenjznagvluhvzgdvpxwtfrbjgwpartccvqem,(604) 111-9496,"1101 Oak St, San Francisco, Kansas",['JavaScript'],[1234086],2022-09-14,[34196],"[1234160, 1234024, 1234063]"
67565a3613af45a9c7b06fd0,Reyansh,1234141,ylpjtnmwyoiaovnsycjnpzzvqvpfripxwpaeugwzfamrrqcygv,(895) 292-7835,"3406 Oak St, Los Angeles, Utah","['Python', 'React']","[1234182, 1234012, 1234001]",2023-08-31,[],"[1234119, 1234125]"
67565a3613af45a9c7b06fd1,Advik,1234121,yzhjukdytrobemiukwkzcjkqxztvmkvswavworarqloymepwhx,(689) 281-3316,"9038 Highland Ave, Los Angeles, Delaware","['JavaScript', 'React', 'Java']","[1234183, 1234060]",2023-04-13,[],[1234069]
67565a3613af45a9c7b06fd2,Reyansh,1234039,xdqztftkyxzwjdaytjgosgziodsefqtnagfmgbectdmwirgaua,(259) 430-8558,"8070 Oak St, San Diego, Connecticut","['React', 'CSS', 'Django', 'Node.js', 'C++']","[1234142, 1234099, 1234057]",2023-02-20,"[34103, 34193, 34077]","[1234044, 1234022, 1234080]"
67565a3613af45a9c7b06fd3,Vihaan,1234093,unbsentwwtavfhdssmeiqvnckycbxhvrulnoksublhuezjqhud,(979) 937-5265,"6678 Highland Ave, San Francisco, Indiana","['CSS', 'JavaScript', 'SQL', 'Node.js', 'HTML']","[1234042, 1234116]",2022-12-05,"[34039, 34014]",[1234005]
67565a3613af45a9c7b06fd4,Dhruv,1234068,dtbltqldkmgwvhyojwmwctruylnkotpasixsvmrfiwflavgnzo,(353) 409-4123,"8368 Maple St, Los Angeles, Colorado","['C++', 'Java', 'JavaScript', 'Node.js', 'CSS']",[],2023-07-16,[34198],[]
67565a3613af45a9c7b06fd5,Aarav,1234061,dguaiiucyqxptxgjvvjwdgezylewrupqfwrimrhdfptzkekatd,(809) 779-3092,"8765 Maple St, San Diego, Wisconsin","['JavaScript', 'React']",[],2023-03-14,"[34140, 34034]","[1234002, 1234140, 1234048]"
67565a3613af45a9c7b06fd6,Ram,1234163,zufctuiqevzkipikyaxoytxyqqjrszlqlookemgyuoaslgcqbh,(925) 408-7120,"5746 Main St, San Diego, Vermont","['Java', 'CSS']","[1234086, 1234095]",2023-05-14,"[34161, 34002, 34007]","[1234022, 1234038, 1234010]"
67565a3613af45a9c7b06fd7,Rudra,1234073,vfzzspyjmxwffafrodapeivophdicvwoeqxqqqjfpugybwamwc,(395) 225-2222,"2616 Oak St, San Francisco, Delaware","['Java', 'Django', 'Node.js']",[],2022-04-02,[34012],"[1234026, 1234047, 1234145]"
67565a3613af45a9c7b06fd8,Advait,1234046,ksdyyygrcpfojbhhrnjulcvdcunwjqqxapoagncijgkblqfrsv,(834) 564-3516,"109 Oak St, San Jose, Washington","['CSS', 'C++', 'JavaScript']","[1234045, 1234185, 1234136]",2024-01-25,"[34006, 34066, 34011]",[]
67565a3613af45a9c7b06fd9,Advik,1234102,mihicfenedvlhddccegvnkajffaeujqyzvzjmvbswewsjstgfj,(473) 570-6484,"7819 Maple St, San Diego, Arkansas","['Django', 'C++', 'SQL', 'HTML']",[],2022-08-27,[34181],[1234098]
67565a3613af45a9c7b06fda,Aayansh,1234008,vrfvoygsvcnezlduavmgdtpuiafmebufjpdtoarfrhhoyblgyd,(117) 882-2086,"3761 Highland Ave, San Jose, Minnesota","['Django', 'Java', 'JavaScript', 'Node.js']",[],2022-06-03,"[34109, 34082]","[1234122, 1234133, 1234115]"
67565a3613af45a9c7b06fdb,Aarav,1234079,cfnumoxmjqtrlpjzjstobruiuuooojylypwuyclichlqbclesa,(316) 907-7528,"4986 Main St, San Francisco, Minnesota","['C++', 'CSS', 'SQL']","[1234144, 1234127, 1234037]",2022-12-20,[],[1234062]
67565a3613af45a9c7b06fdc,Aarav,1234059,qxksyojhfdztalmjxetnemwrcbqwnfzrhfnifxvufxvfsnmftk,(571) 428-2038,"2830 Maple St, San Jose, Idaho","['Java', 'Django']",[1234090],2022-07-21,[34154],"[1234106, 1234187, 1234122]"
67565a3613af45a9c7b06fdd,Aryan,1234132,xxrzqgyecjibucxapfjdjylrcmcpcvaeifawhpznfxreviajxp,(389) 740-2529,"8939 Oak St, San Jose, Vermont","['JavaScript', 'Python']",[1234114],2022-05-30,[],"[1234043, 1234035, 1234051]"
67565a3613af45a9c7b06fde,Aarush,1234026,tgiusgwklefagdzvjtqcwbwqqshbzzhnligaizsutrthzdiiot,(258) 840-5011,"1098 Main St, San Jose, Maine","['C++', 'Node.js', 'SQL', 'CSS', 'Django']",[1234191],2023-11-15,[],[]
67565a3613af45a9c7b06fdf,Ram,1234031,emcbkvvvpvweencwapdvdapldopaddqjbbfyewioghbajgqvwg,(157) 897-7141,"1806 Highland Ave, San Jose, Florida",['Java'],"[1234088, 1234081, 1234106]",2024-08-14,"[34154, 34071, 34163]","[1234097, 1234193]"
67565a3613af45a9c7b06fe0,Aarush,1234149,kjkjodthtvahjmtkvdmijkjpcnuzfdmanpkyhaagqxrhmldvoo,(159) 980-7168,"3893 Maple St, San Jose, Wisconsin","['CSS', 'React']",[],2022-11-19,[],"[1234118, 1234073, 1234177]"
67565a3613af45a9c7b06fe1,Aarush,1234045,rgbtopcohitmyjrjrntseifathoxaizjergbiqryybztszaxyu,(271) 243-4517,"9024 Maple St, San Jose, Kentucky","['Node.js', 'CSS', 'React', 'Java', 'JavaScript']",[],2022-12-09,[34180],[1234154]
67565a3613af45a9c7b06fe2,Aayush,1234191,vnmauwypcqnmqamgqkshlssvbeawfekpnawntvymlhyumnrpho,(865) 580-6705,"3931 Main St, Los Angeles, New Jersey","['CSS', 'Java', 'Django', 'C++']",[],2022-06-10,[],"[1234107, 1234002]"
67565a3613af45a9c7b06fe3,Ayaan,1234197,iuampkcnfzmnhbstepowaeywigzkqvzmuhhrydluqftwyfyeag,(345) 988-7255,"9019 Main St, San Diego, Washington","['C++', 'HTML']",[1234105],2022-03-09,[34111],"[1234121, 1234002, 1234012]"
67565a3613af45a9c7b06fe4,Ahaan,1234176,bvssgvaenmsdlqvhzmgzjqfmqvukvnldkiwogwavbzrfsgongt,(934) 683-7928,"5280 Highland Ave, San Francisco, Illinois","['React', 'JavaScript', 'HTML', 'SQL', 'Node.js']",[],2024-09-14,[34113],"[1234154, 1234065, 1234182]"
67565a3613af45a9c7b06fe5,Aarush,1234144,ysrvaelsqrpmxcqhdeqlzrwhaqhmrawawyrpbbeblazfnjvnys,(470) 655-3623,"6058 Maple St, San Diego, Arkansas","['JavaScript', 'Java']","[1234164, 1234138, 1234007]",2024-03-06,[34172],"[1234182, 1234090]"
67565a3613af45a9c7b06fe6,Aayansh,1234094,xbpeghibsevambevknbgaocefaegliiwxzekujrqgrmqfwghca,(605) 758-3187,"4556 Maple St, San Francisco, Maine","['Python', 'SQL']",[],2023-10-19,"[34093, 34037]","[1234044, 1234095, 1234127]"
67565a3613af45a9c7b06fe7,Dhruv,1234196,nzkpsrnxgthzaficnzzxyzpvfweyuwzndyvauvjkuzxqicydns,(966) 716-7603,"6684 Main St, San Diego, Florida",['C++'],[],2023-01-19,"[34098, 34160]",[1234003]
67565a3613af45a9c7b06fe8,Aayush,1234131,xgixbdxlzjtaysvahgabfjjitwdbqfpcdyowjappbxrwtyfybd,(511) 975-4107,"8341 Oak St, San Diego, New York","['CSS', 'React', 'JavaScript', 'HTML']",[1234132],2022-01-09,[],"[1234012, 1234149]"
67565a3613af45a9c7b06fe9,Aarav,1234181,yjlbbzoyfkttylomvaspkdgfxraktoituiclscqfudyhkegqei,(941) 673-6893,"2890 Maple St, San Francisco, Mississippi","['Django', 'HTML', 'Java', 'SQL', 'JavaScript']","[1234156, 1234059]",2022-09-19,"[34188, 34191]","[1234073, 1234181, 1234152]"
67565a3613af45a9c7b06fea,Advik,1234059,qcaryymoteodermznnudawzcwmpvhhgzttbfzwikyylxgtpqdi,(400) 425-4399,"6060 Highland Ave, San Jose, Maine",['Python'],"[1234148, 1234057, 1234171]",2024-09-19,[34002],[1234153]
67565a3613af45a9c7b06feb,Ahaan,1234114,ucxdebqwtisxbtjqffrmdmpujwtdavcvcklcwxfysctlygobrk,(334) 416-1141,"1960 Highland Ave, San Diego, Vermont","['Django', 'React']","[1234173, 1234102, 1234020]",2024-06-27,[34128],[1234157]
67565a3613af45a9c7b06fec,Reyansh,1234006,anlhcgzdbhkzkmigzmavybugfubehksdhoavqlornihrwhpkpa,(463) 419-6675,"4332 Highland Ave, San Diego, Montana","['JavaScript', 'Python', 'Java', 'Django']",[],2024-07-04,"[34086, 34090]","[1234154, 1234092]"
67565a3613af45a9c7b06fed,Arnav,1234136,ktaalolobznngnbqhglxjaowchherlggmdwfizjjhwtujyyhjm,(712) 268-8083,"9653 Oak St, San Jose, Utah","['Java', 'Django', 'JavaScript', 'Python']","[1234146, 1234011]",2024-11-06,[],"[1234101, 1234012, 1234173]"
67565a3613af45a9c7b06fee,Aayush,1234163,wrdzcaakeawtrqengsyfuxvrefwjpuymbkbiewsnfgvfuelbqy,(302) 367-1863,"9146 Oak St, San Jose, Nevada","['CSS', 'HTML']",[1234189],2022-11-20,[34044],"[1234063, 1234084, 1234148]"
67565a3613af45a9c7b06fef,Aarush,1234111,vmroyfiscnfifjugzfyojhgcxlhsryfhzcsghkwfsendkgvhbx,(440) 198-8176,"7163 Maple St, Los Angeles, Massachusetts","['CSS', 'HTML', 'Python', 'Java', 'SQL']","[1234141, 1234025, 1234081]",2023-07-17,[34154],[]
67565a3613af45a9c7b06ff0,Ahaan,1234195,vjqrshxcpoensppwguedzxlodqfpsoifqkzfaszsgvgqjnpoqf,(907) 280-8179,"4996 Maple St, San Jose, Kansas","['JavaScript', 'CSS', 'SQL']",[],2022-01-18,[],[]
67565a3613af45a9c7b06ff1,Ahaan,1234091,owhernxxkhaunbdpsmrwawcxbkzyxvikfqqprrbpstvcapgacu,(968) 688-2057,"9174 Maple St, San Francisco, Mississippi","['JavaScript', 'C++', 'CSS']",[],2024-01-14,"[34045, 34113]","[1234134, 1234163, 1234014]"
67565a3613af45a9c7b06ff2,Aayush,1234112,mjosvhtwcyvzbvexskanwcuxxzvbugpflvdsqmpfiauehnpnfw,(668) 429-9052,"3250 Highland Ave, San Jose, Illinois","['SQL', 'Python']",[],2023-07-03,[],[1234109]
67565a3613af45a9c7b06ff3,Aarush,1234056,zoedslvjulquonebremwofirgkojxsjubdlbkzpexynzkmewdr,(306) 918-3379,"3268 Highland Ave, San Jose, Georgia","['React', 'Django', 'CSS', 'Java', 'Python']","[1234041, 1234013]",2023-03-20,"[34095, 34134, 34071]","[1234198, 1234064, 1234146]"
67565a3613af45a9c7b06ff4,Advik,1234053,aelsdctbgjqjieyxrchujwtsrlerpiascbmncoqftildnktxjr,(720) 508-9982,"6005 Maple St, Los Angeles, Nebraska",['Django'],"[1234173, 1234176, 1234102]",2023-09-07,[],[1234185]
67565a3613af45a9c7b06ff5,Aarav,1234072,yiawjgnbvdjswwjrcgtmfvqgqjuxqinrvxpjnciinchptmqpqz,(218) 846-1588,"2779 Highland Ave, San Francisco, Maryland","['Java', 'Node.js', 'HTML', 'SQL']",[1234070],2022-03-27,[34071],"[1234142, 1234013]"
67565a3613af45a9c7b06ff6,Krishna,1234052,tkbqwdfbthcqcqhpynninobajxqyvpdzajoyxqhoasgxlbsufc,(312) 514-5530,"8397 Oak St, Los Angeles, New York","['Python', 'Node.js', 'C++', 'SQL']","[1234100, 1234185, 1234167]",2023-05-26,"[34143, 34157]","[1234067, 1234026]"
67565a3613af45a9c7b06ff7,Aayansh,1234139,dchrvmidiwhqnqphgqomharcrflsmytjdctsokmwqflezqggoh,(844) 471-3056,"5937 Maple St, San Jose, Pennsylvania","['Node.js', 'Django', 'C++', 'CSS']","[1234030, 1234109]",2023-08-17,"[34071, 34124, 34131]",[]
67565a3613af45a9c7b06ff8,Atharv,1234178,fehoddspvltldbopmetaljqcsubrxbflqokoznbumzjldsuqsj,(436) 581-4146,"1886 Oak St, San Francisco, Washington",['Node.js'],"[1234091, 1234173, 1234101]",2024-10-19,[34146],"[1234081, 1234167]"
67565a3613af45a9c7b06ff9,Aayush,1234117,tnkmbjgolgazwckgxphfhqkntklqamypqiwjoktjsvjbcfpknq,(277) 571-4589,"3226 Highland Ave, San Jose, Maryland",['HTML'],"[1234068, 1234070, 1234090]",2023-07-23,[34084],[]
67565a3613af45a9c7b06ffa,Aarush,1234165,laetanqutfxeibntrxosugcwtniqfjgemiymdfzsvihsenprnp,(953) 337-1440,"1217 Highland Ave, San Francisco, Ohio","['SQL', 'React', 'Java']","[1234147, 1234068]",2023-10-05,[34180],"[1234060, 1234173, 1234028]"
67565a3613af45a9c7b06ffb,Atharv,1234156,lrnizdvtcrqzxxhdrblalboizzfaqyeuvlzfwjtbsjapmpjvis,(905) 260-8121,"9647 Highland Ave, San Diego, Massachusetts",['React'],"[1234002, 1234000]",2023-08-05,"[34025, 34123, 34119]",[]
67565a3613af45a9c7b06ffc,Advik,1234034,xpfwgutjqzulqcwcifwmgfebpqeohwcfweqrvmgvgylotfrfad,(783) 986-1869,"581 Highland Ave, San Diego, Maine",['HTML'],"[1234068, 1234092]",2024-02-02,[34137],[]
67565a3613af45a9c7b06ffd,Aayush,1234145,caugoutsgpqwfhtgjuqinoyedyzxalwosjwskdkgigovzszbrz,(316) 870-9360,"3133 Maple St, San Diego, Alabama","['HTML', 'SQL']","[1234004, 1234036]",2024-05-29,[34186],"[1234155, 1234190, 1234175]"
67565a3613af45a9c7b06ffe,Advait,1234198,giffntinlcsrdooifhayjbrcazzfiqqxkpdppguuzjcaudlsjm,(137) 553-5278,"2976 Highland Ave, San Jose, Ohio","['C++', 'HTML', 'Node.js', 'CSS']","[1234112, 1234081]",2023-03-05,"[34189, 34150]",[]
67565a3613af45a9c7b06fff,Aarav,1234158,ebhomnuaebbowbruktyheixqqsehkswvnrjwtszxhsdgkoyfvu,(460) 916-1997,"8218 Oak St, San Jose, Nevada","['Python', 'Django', 'React', 'Java', 'SQL']","[1234107, 1234098, 1234007]",2022-09-25,"[34124, 34189, 34150]",[]
67565a3613af45a9c7b07000,Aarav,1234057,egvktodljaqjrlyjtexddcgnrcvsqgxposxranheynijjqzvkd,(520) 268-2979,"5224 Highland Ave, San Francisco, South Carolina",['C++'],"[1234131, 1234070]",2023-12-01,[34098],"[1234181, 1234110]"
67565a3613af45a9c7b07001,Aarav,1234126,uxumzzvtkyeetdoghgubesacymisznhrlivdudgzzyheruxfwj,(793) 787-8276,"2116 Oak St, San Diego, Alabama","['HTML', 'JavaScript', 'Django', 'React', 'C++']",[1234082],2022-09-16,"[34187, 34165]","[1234147, 1234084]"
67565a3613af45a9c7b07002,Aarav,1234140,bibkjrklnrhjqqkmedefzzdjviqyphvzkcarcvshwbjvambind,(800) 673-4509,"7816 Highland Ave, San Diego, Oklahoma","['Java', 'Node.js']",[],2023-03-18,[],[1234062]
67565a3613af45a9c7b07003,Aarush,1234058,vcqkyhrzkbtzfvwnaotzcqndpkwblymfwepurjorthqmmhegxg,(757) 928-5588,"6398 Main St, San Jose, Washington","['React', 'Java']",[1234058],2022-09-06,[34197],[]
67565a3613af45a9c7b07004,Ram,1234016,yoxkrxtdqjscobnetgbnbmqcspabzbhcaxigcxchglsevgsgra,(754) 891-9816,"936 Oak St, San Francisco, South Carolina","['Node.js', 'Django', 'C++']",[],2022-08-29,[],[1234192]
67565a3613af45a9c7b07005,Aarush,1234081,akejbpygkzqvbdmljkeytgvmkkwwgtrdlhsuovzpkzwoegilpv,(701) 786-2930,"4770 Oak St, San Diego, Wisconsin",['HTML'],"[1234020, 1234054, 1234027]",2023-10-28,"[34091, 34015, 34158]",[1234068]
67565a3613af45a9c7b07006,Aarav,1234189,yorevgyqfxliucrvvmhljgksyhoigxvobieyiuwnswmqnjrupz,(882) 658-3361,"6510 Maple St, Los Angeles, New Mexico","['Node.js', 'React', 'C++', 'CSS']","[1234121, 1234164]",2023-07-14,[34126],[1234146]
67565a3613af45a9c7b07007,Ahaan,1234076,tmyrrbhpqygqmsyrygyqbawofvzkwxmrqwlaydxpajmafiffzd,(190) 696-5464,"2277 Oak St, Los Angeles, Indiana","['CSS', 'Python', 'Node.js']","[1234198, 1234151, 1234026]",2023-05-07,"[34009, 34047]",[]
67565a3613af45a9c7b07008,Vihaan,1234063,ojmvzpxzgnnlbkethaksnjoralqvvremyslohutbmjcshqljks,(334) 542-6711,"437 Highland Ave, San Diego, West Virginia","['SQL', 'Django', 'Node.js', 'React', 'C++']",[1234159],2023-11-11,"[34124, 34147, 34022]","[1234155, 1234050, 1234131]"
67565a3613af45a9c7b07009,Aayansh,1234138,docgtbiderknfjvfzawuydossxvgcvjcivspyvpjwhlmfekybv,(489) 285-8338,"2363 Main St, Los Angeles, Iowa","['HTML', 'Python', 'SQL']","[1234004, 1234137, 1234068]",2024-11-02,"[34093, 34010]",[]
67565a3613af45a9c7b0700a,Ahaan,1234050,uoeuhhlkehunegwvcbvyrqohceynvpxdoyasmhaosjlwwsuttg,(502) 624-7360,"8896 Highland Ave, San Jose, Texas","['React', 'Node.js', 'Java', 'SQL']","[1234186, 1234003, 1234153]",2023-05-21,"[34097, 34010]",[1234041]
67565a3613af45a9c7b0700b,Aayansh,1234099,nhcterqdbbxiypnlaidnanvsurxxgrmhsqlrrhfycckgasbjip,(466) 847-1204,"8671 Oak St, San Francisco, North Carolina","['Java', 'Node.js']","[1234121, 1234172, 1234092]",2023-07-15,"[34093, 34101, 34056]",[1234085]
67565a3613af45a9c7b0700c,Aditya,1234129,jtqkmsxckwbrxuvipkdanmxmbzqrugcsxaxuubumqyzlorkkyp,(642) 705-5897,"5469 Maple St, Los Angeles, Massachusetts","['C++', 'React']",[1234013],2024-06-20,[],[]
67565a3613af45a9c7b0700d,Surya,1234042,nwhxtwtawyljuvsmzdlnwfbayjicksmbujsqtoonnkbmtgxgrp,(355) 670-1573,"4207 Maple St, Los Angeles, Oklahoma","['SQL', 'Java', 'CSS']","[1234131, 1234175, 1234071]",2024-06-11,[34066],"[1234087, 1234129, 1234161]"
67565a3613af45a9c7b0700e,Ahaan,1234098,hdywmnrxfcgtllrihlpunmigsdnrywtogttrxnhnccyubksunc,(240) 374-9183,"298 Oak St, Los Angeles, Nebraska","['JavaScript', 'SQL', 'Node.js']","[1234007, 1234118]",2024-12-03,[],"[1234153, 1234025]"
67565a3613af45a9c7b0700f,Aayush,1234107,tcirehtubmhzebbizgfbrwpsvxlxkyuymrjrskusdjyvfqqoea,(649) 265-4316,"4732 Main St, San Francisco, Oregon","['React', 'Python', 'C++', 'CSS', 'SQL']","[1234093, 1234175]",2024-07-09,[34131],"[1234139, 1234171]"
67565a3613af45a9c7b07010,Advait,1234151,iyuoovprqyqfomsydjvkekfuzokskikixdkmfzwmkkvijcpzll,(713) 583-8448,"2621 Main St, San Francisco, North Dakota",['SQL'],[],2023-10-01,"[34073, 34128, 34033]","[1234085, 1234074]"
67565a3613af45a9c7b07011,Aayansh,1234061,cvgtcivmhllmqwlryjoicgvwgntroxcgfgqihrzwygcpegirpr,(197) 730-5922,"335 Maple St, San Francisco, Louisiana","['HTML', 'Django', 'SQL', 'Java']",[],2024-03-15,"[34076, 34065, 34052]","[1234040, 1234144, 1234166]"
67565a3613af45a9c7b07012,Aayansh,1234172,mpkbrxykpyrxuhpwiwqxooecewevrfsnbnxwyotviafwrlaljk,(558) 622-6288,"4273 Oak St, Los Angeles, Nebraska",['Node.js'],"[1234098, 1234172]",2024-10-11,"[34025, 34109, 34072]",[]
67565a3613af45a9c7b07013,Aayansh,1234159,xsosxcrhnlsrunxaiccpsepcfsyolzwhkkepwecmnakbmjwfmz,(509) 392-8948,"5812 Highland Ave, San Diego, Arizona",['Python'],"[1234050, 1234029]",2022-09-02,"[34083, 34180, 34105]",[]
67565a3613af45a9c7b07014,Ahaan,1234152,bjbuybyhrhzsxjcybdkfzrlbxwancxnixhbsrgvnutuvplnhcc,(587) 490-1962,"652 Maple St, San Jose, Minnesota","['Django', 'Java', 'Node.js', 'C++', 'CSS']","[1234014, 1234017]",2022-08-26,[34084],[1234146]
67565a3613af45a9c7b07015,Aayansh,1234075,kpqnybiilynjjdxwejsdnlvqbfhidrijszwfxjqbvqvoajngyu,(574) 574-8904,"8087 Highland Ave, San Diego, Oregon","['JavaScript', 'React', 'HTML']","[1234170, 1234184]",2024-03-13,[34089],[]
67565a3613af45a9c7b07016,Advik,1234067,lrsakwkyxjlfrrmlaahjzisuqmjorkcbegylddtqgcetiocbmq,(251) 358-9443,"8413 Main St, San Jose, Oklahoma","['Django', 'HTML', 'Node.js', 'JavaScript']","[1234088, 1234120]",2023-11-04,"[34176, 34017, 34116]",[1234154]
67565a3613af45a9c7b07017,Aayush,1234074,nremskixdgflewpqpxugebxmxdmjpudwhyffczbwutiqtscvli,(783) 818-5237,"1870 Highland Ave, San Diego, Kentucky",['JavaScript'],"[1234127, 1234122, 1234161]",2024-09-16,"[34076, 34156]","[1234163, 1234066, 1234039]"
67565a3613af45a9c7b07018,Aayansh,1234164,zbjdkwqoraggrllnolyubxectrxoywhpepbcgssapsrylkwgzm,(733) 215-6733,"829 Oak St, San Jose, Minnesota",['C++'],"[1234167, 1234091, 1234015]",2024-07-23,"[34058, 34102, 34151]",[1234193]
