_id,blogId,authorType,authorId,content,createdAt
67565a3ac255e1401e87294c,456042,Applicant,1234185,gxtryfdbljmfpgylvitecosevjkxvaowrjbtwcthkgbuyncquk,2022-11-13
67565a3ac255e1401e87294d,456083,Recruiter,34088,jnryccuzzsfzdqkbsdenorvxlfsoxjbjrndemfuvcuufsfmscv,2022-06-13
67565a3ac255e1401e87294e,456033,Recruiter,34196,mvmtsyaxirrfcuoumusextuoviiibtqhtuxybtcppcpbzjuqmg,2024-10-21
67565a3ac255e1401e87294f,456044,Applicant,1234123,apvkjyyvxgpyaypsojxvxznztcyffvpwzbcqmleptjeamovrcz,2022-06-29
67565a3ac255e1401e872950,456046,Recruiter,34135,mcaltnzlgvekwgtuhxuqcgvvhveuwcizxbjqverpqjmnwbcpuv,2023-02-23
67565a3ac255e1401e872951,456197,Recruiter,34162,oajieeijnkgdvwxcplfmjktiuvguwhzljprnsrxcfyyfsyuzca,2023-08-11
67565a3ac255e1401e872952,456081,Recruiter,34183,vxoyunhdsvdgxdjwsyakyqnqkfensrxydkpirnapoikejeqrqr,2024-01-30
67565a3ac255e1401e872953,456108,Applicant,1234040,rzppqxrqunvrakupqzackbcmkxsbficwiocdqgwgmdusydjtwn,2023-12-13
67565a3ac255e1401e872954,456113,Applicant,1234188,emrxpvenpmillnvdsezvifplrbnscxwicmbohmkhojftjmdely,2024-11-20
67565a3ac255e1401e872955,456141,Applicant,1234130,eapruankhuqmuzkfggrirlmoaswgrogpasuusozavycpqoadbj,2022-08-25
67565a3ac255e1401e872956,456185,Applicant,1234081,zixczpcveejwanqtftqmrpepwtenkaopczgvakwejaufdqbsty,2023-07-27
67565a3ac255e1401e872957,456178,Applicant,1234078,ovhvfwnebprsihycavwbeoeocckculnqvpjigsxoqhjswczivk,2024-10-05
67565a3ac255e1401e872958,456190,Recruiter,34030,zdlywtcohqvevchrwepbxjnmaezlwmepnydgeltwpxeobnzufe,2023-08-14
67565a3ac255e1401e872959,456175,Applicant,1234173,cyhkjihrfbiuruavhykonxfbmznagzbzshvufwcbmnczrgpbam,2024-02-25
67565a3ac255e1401e87295a,456096,Applicant,1234104,mbkwcunvsdpkjplvaudjepaqczfolvvhmawoopfrluynbcrmzx,2023-05-30
67565a3ac255e1401e87295b,456163,Applicant,1234018,nnpplveuufyuamfullcikhqyulikzqvbkdricwxtajztlvmhvg,2023-10-12
67565a3ac255e1401e87295c,456156,Applicant,1234125,kpoelodmvusmtfzfbjmflfcoesymgrqwfdvnyilyawsytsjloz,2024-05-26
67565a3ac255e1401e87295d,456111,Recruiter,34065,vohcflhblriaowiutcoopigfpotczzobphobhzlubhngkkotlm,2022-11-29
67565a3ac255e1401e87295e,456108,Recruiter,34139,mcblihdgdeqayphytqpszvjlhgkynryxsofvtnbncdozbhzmtz,2023-04-22
67565a3ac255e1401e87295f,456070,Recruiter,34115,absmegavxjtyataamaglxgarnuuuqitezkdxaquxrpszfhuymz,2023-06-18
67565a3ac255e1401e872960,456100,Applicant,1234156,eplwxkgosdztsvjgcegtbpnuhjoixhptajxsxsjwktckzxsavm,2024-08-26
67565a3ac255e1401e872961,456118,Recruiter,34198,zkjcihnlucxhcnfwxezhntsvfogfitfapejawolshntqpkbdxn,2023-07-23
67565a3ac255e1401e872962,456179,Recruiter,34053,mbupsbrhkgzbwoukdzyuezcbfytzwfhaiewoiinklzevimqkyl,2023-02-01
67565a3ac255e1401e872963,456156,Applicant,1234151,usfuptymtqnfyrqytjjrgwmhfvtiffjeanuawphiseoybgtrbv,2024-02-21
67565a3ac255e1401e872964,456116,Recruiter,34181,fabhbkedlqikcgulikrntyjmxncygrhhibmsxxqmrssxeiwewd,2023-10-11
67565a3ac255e1401e872965,456150,Applicant,1234059,odwuniodtalxkmwvcoucviufislocckmvbndixmhvyfycyndgn,2024-01-14
67565a3ac255e1401e872966,456021,Recruiter,34187,ycfawkwmhaqlclnfojeguqwgdmfvzfwowekzkwsgbshkatypne,2022-10-09
67565a3ac255e1401e872967,456090,Recruiter,34072,usofdncvjuivttyteoccwqdpftnxvbrbrbmqkhjlrhjdyroefu,2023-02-08
67565a3ac255e1401e872968,456151,Recruiter,34000,pgkhpozzqykasrkdacszfygyoomoxtoxoyhirjzkpgfiaolclb,2023-10-30
67565a3ac255e1401e872969,456049,Recruiter,34089,nfkogbwblngvrjrwjtlgiozjomxsbyrsjozjiygzzcstuicxgv,2023-09-22
67565a3ac255e1401e87296a,456180,Applicant,1234053,wvzaxznyilscnbsdhunrmviyrseowdkzwgggetiebeihkbgcbv,2024-11-28
67565a3ac255e1401e87296b,456134,Applicant,1234054,lcknhdrwwynrwiorzvtxcevfnumkcbsezuamhmmasyfucxeocb,2022-08-29
67565a3ac255e1401e87296c,456194,Recruiter,34054,lcmbzsfeiymkyhlqytpahrnrmjbioehextcplrjtxudzjozhbw,2023-10-15
67565a3ac255e1401e87296d,456004,Applicant,1234027,gajsnvtenqtgqskadmlzloscguvnavwocjcwwddaakxadrizku,2024-03-02
67565a3ac255e1401e87296e,456121,Recruiter,34117,soniohdgqauzsevtlogyztyyrbvptomcvlalszuiogcrfvuzcq,2024-07-27
67565a3ac255e1401e87296f,456009,Applicant,1234142,hojmiplkkdbwkqhcvdpcoxmpbjdnheclntreevgjrnsikpbcnv,2024-06-12
67565a3ac255e1401e872970,456088,Applicant,1234103,zcnkgbmthnyxvnesrfohqcharizgeiqwneewzzvmrxdjettnoj,2022-07-18
67565a3ac255e1401e872971,456135,Applicant,1234152,wyvymkjrhirrwvvpbjzzacacvjwfewddvsatyisiyndwhhzavx,2022-05-30
67565a3ac255e1401e872972,456185,Applicant,1234000,zjkwvzkgufkflcilqlgzeydaksayztatatrfeinejqlgyarttt,2022-11-20
67565a3ac255e1401e872973,456089,Recruiter,34115,bcrrpzhzziranozfxuuhhfdeyrdjsphfdphkyamjobuznhzvta,2023-07-11
67565a3ac255e1401e872974,456141,Recruiter,34077,kxyzteqfogerbdlcnbxjgwrgbbwxczesixvlitasshqfscgfvg,2022-06-09
67565a3ac255e1401e872975,456012,Applicant,1234054,hapbtyynamgihsaubfomufighnhvorobgcwzcrnbvtqrksseys,2024-09-23
67565a3ac255e1401e872976,456172,Applicant,1234127,nxgzsdlxmawvcxmaugxepslpvgjcwusbnqchlydrxycpqygxbk,2022-11-06
67565a3ac255e1401e872977,456022,Applicant,1234062,xyautcwaevkosfxjymaqpjlcfkrfupszthgcusfajtmgzjocox,2024-06-10
67565a3ac255e1401e872978,456015,Recruiter,34196,mnjkcbzuvsccxckcozvaamgscbazjbnyubvfgxneebhiouxjxt,2022-03-15
67565a3ac255e1401e872979,456069,Applicant,1234176,cvqibenhxiseaqwlfzoambzkvmrvjsnsvcjmlldtklptkejyns,2022-08-16
67565a3ac255e1401e87297a,456170,Applicant,1234067,mmcywczocinhgsqhekjechgwdgntjgzgrnnqhluszcmazwrouj,2023-06-09
67565a3ac255e1401e87297b,456138,Recruiter,34092,wpbzbpbnzpwbwzqajalabxjbfxjwmmhzweetnphmxamsqgntbg,2022-08-10
67565a3ac255e1401e87297c,456113,Applicant,1234164,txibecyhoyvesrygpjbjbledckejqenociqkankyfzllufpyqj,2024-10-27
67565a3ac255e1401e87297d,456191,Recruiter,34140,opuqizutlliixkyksjolyivokqgsyhyrcppbvbuqnhnlnrutlq,2024-05-31
67565a3ac255e1401e87297e,456057,Recruiter,34161,fxvibrkvbwqmzxsowudedorrzrqqefxveolmvbsgebgxgklzvi,2023-09-11
67565a3ac255e1401e87297f,456053,Recruiter,34032,cabtuyoqeuagdxvrforpihzdxuwpgwmquajqhlgwtcegdnadfc,2024-10-07
67565a3ac255e1401e872980,456025,Recruiter,34120,davybbtoxzrzbcdjnnirockegwweubltfzzklerrfnzwajqppw,2022-09-17
67565a3ac255e1401e872981,456028,Applicant,1234056,rrfqtyskqnhhsgnaqgqfkauifasbxgkvakkbzunvucjmtpnpro,2024-04-24
67565a3ac255e1401e872982,456031,Applicant,1234069,xqyyvijwmvgccswtlvpdiqotjstvscbvovlndwrkjcoaxlettd,2022-05-28
67565a3ac255e1401e872983,456088,Recruiter,34191,zifepktanjpgeqtnmnckdpewvteiucsmyzocgliqgzilrtffby,2022-12-19
67565a3ac255e1401e872984,456135,Applicant,1234193,jsrhcnakzytnvgsqxjcqcsctlggagocvwhdzbzuwqgaivvvifq,2024-03-20
67565a3ac255e1401e872985,456154,Recruiter,34183,zhgtxpwianqlmmwopzddhgiqwnfeqlojqpgdezdrrtyohjhucy,2022-05-21
67565a3ac255e1401e872986,456012,Recruiter,34017,tentsfopwkpfnbutidqannmeoiahhftwwzjgjidzuzgubwgyyp,2024-06-22
67565a3ac255e1401e872987,456025,Recruiter,34181,sxaydszgwsmscoectbrztykicdtsgtoxlcahuewdxwzvifvhaa,2023-03-07
67565a3ac255e1401e872988,456137,Applicant,1234178,vdadlmcozasuvjfaerftppcnipmgvhhuwboxzlomgbgewhnrsk,2022-07-06
67565a3ac255e1401e872989,456046,Applicant,1234154,yrxylmsxwznaofsinjlrrtdmfenjmenvqitmyfotqgxxnyboaj,2022-09-22
67565a3ac255e1401e87298a,456050,Recruiter,34185,qoikzpcwsihoqfnykiiblhjjrrfoqngramuioqiuozbinzkazb,2022-10-11
67565a3ac255e1401e87298b,456015,Applicant,1234125,cabpxrsvuylajwumxmpqqwmjnecftfxaayebtxvbezgtpmnrgo,2024-10-10
67565a3ac255e1401e87298c,456031,Applicant,1234088,pnsmhjanyncjpvqjbaqrjzgumvhdqlwsidtobhlzbpisknpavs,2024-03-05
67565a3ac255e1401e87298d,456102,Recruiter,34167,okogthszmzsgwheunguenwzyuunqhidicuwwacgsjrqamiqguz,2024-08-31
67565a3ac255e1401e87298e,456084,Applicant,1234150,wvuqzaxuybmnvgjjdnohbtrjnmnjfoorzgpuchkbzyfuzvliex,2024-08-02
67565a3ac255e1401e87298f,456119,Recruiter,34147,iebbxuxaslykhbiiisodutgavyemhtxuujpmjdywykmxhdytrk,2023-04-29
67565a3ac255e1401e872990,456052,Recruiter,34075,fearpaabbfnsawtetodjbgvbeniljvmzmbzsissdwohjcjfzfo,2023-06-12
67565a3ac255e1401e872991,456059,Recruiter,34040,glgqrjwjjtklxwkldqbrxkwjkoyoqayghximbizjaidovdfryf,2024-01-14
67565a3ac255e1401e872992,456018,Applicant,1234106,zsdadttankudwudjbwdwxhgdgmaxebucsjrovrgwsdyaeetosf,2022-08-09
67565a3ac255e1401e872993,456148,Recruiter,34010,xfjxffhnrtmuwzyavykpwvxppjukewcplbrzphojmecvjdltma,2023-09-01
67565a3ac255e1401e872994,456049,Recruiter,34024,qszvsynydzwfwolrewnkzbknyciblvysegdawgtqaauhfdgkey,2023-08-06
67565a3ac255e1401e872995,456055,Applicant,1234147,tweuwzxwkgtbivnkdblardnkfoejktbvpionhvedwabocxxfdm,2022-04-21
67565a3ac255e1401e872996,456076,Recruiter,34174,yqnyylhmtahgwkkudcqpgocjrkwwagwjescyoitcosapgcaszh,2024-10-16
67565a3ac255e1401e872997,456139,Recruiter,34091,bdhatpxebnvfxlppkyraktsaoonlkowlifkuswqfnfpqbdqzru,2022-05-12
67565a3ac255e1401e872998,456198,Applicant,1234017,iovgjhhlnoucyzsyciugcjkimcaqnasmtmzxlgarxphmrubiff,2023-11-26
67565a3ac255e1401e872999,456148,Recruiter,34034,tyoahxdrpkrejgtbxumllglbkwupvzdrfmipcrlqsekghwsjrh,2023-06-24
67565a3ac255e1401e87299a,456143,Applicant,1234179,hzzmhqmgcshcthhozdflvmvhrhqesouyufcffchhhyktauebnx,2022-09-14
67565a3ac255e1401e87299b,456197,Recruiter,34183,fzppaidtnihazldggbzgrpjmvelfxyzldspmwlxrrqxqkczlhv,2024-06-15
67565a3ac255e1401e87299c,456076,Applicant,1234182,phcfvbttjokyoktwwcfnfagempucpoytpwbtuqqxfmxgjllrsc,2023-07-09
67565a3ac255e1401e87299d,456087,Recruiter,34161,cdfzqyqscxuygopulpbmnkzcicedsffteqxuhnyfuwilqcexpg,2023-04-18
67565a3ac255e1401e87299e,456111,Recruiter,34171,fmyoxjsvigrsrxlgvdptlkmdmldprqvleotsfbwpqeyqpvthbo,2022-05-27
67565a3ac255e1401e87299f,456007,Recruiter,34019,cbqybsaxdhxqsliobfgvtezeebmqxurmlgcjljeoiyeexmonwo,2022-07-21
67565a3ac255e1401e8729a0,456039,Recruiter,34157,soeucdovbyhqdsiofnldzjjvpfjjnwgpirakexrzvtxwyudjvy,2023-02-25
67565a3ac255e1401e8729a1,456057,Applicant,1234044,zwckymcwxxfuwfvwpylmugexohnsfmxdvdywvzrfpfhegjotnb,2023-07-19
67565a3ac255e1401e8729a2,456154,Recruiter,34130,ybfgcdrknixqmeynrxlmscvylppqommjsbtktceyiokqxcoccq,2023-05-05
67565a3ac255e1401e8729a3,456124,Recruiter,34156,kzjrrklvlfisyosdkbxemsbxdkylbsjhtwlcoxydjoxgzibkky,2023-01-10
67565a3ac255e1401e8729a4,456079,Applicant,1234054,odbwsvmenfwbufnjmcjjlofzqpfsopzrjnbcwsyxgfkylbejwc,2022-05-27
67565a3ac255e1401e8729a5,456112,Applicant,1234080,nbkhuvtwttnowntrgufeiviyuyihrjbfhozevalowjlscfevek,2024-01-26
67565a3ac255e1401e8729a6,456100,Recruiter,34019,xizcutlcjeiucvcxrsyxowhzzcoxpixpzhfldrjrzqpxbfqyrb,2024-11-01
67565a3ac255e1401e8729a7,456157,Recruiter,34016,qkvckahycvbalvokrwdvrgadmsujipwotspfuwuvfkojsngvmc,2022-02-21
67565a3ac255e1401e8729a8,456053,Recruiter,34074,dowfqvxtrkaglviesyilclgknebawyqpvkimorqwdfvoixtrwz,2022-12-11
67565a3ac255e1401e8729a9,456147,Recruiter,34011,vqyezowutyxyurctxjaqoathozriqxzfhskydbvkdfvdzxrkwr,2024-05-11
67565a3ac255e1401e8729aa,456082,Recruiter,34046,ppmebelibxwyyckzholkfxpmkovzzuuektfdyemdaueuxdusfp,2022-01-03
67565a3ac255e1401e8729ab,456089,Recruiter,34047,ffnkfsbayvpxoqroregtsumiexuvwyegavafrgzlvlhecxrnod,2023-06-21
67565a3ac255e1401e8729ac,456020,Applicant,1234103,zmjtcahjwdztclotpdurcmtnaxvvsecwvgcesvekffjvydxdye,2022-11-07
67565a3ac255e1401e8729ad,456063,Applicant,1234014,hweyrdddkpsfdiocfvyvlejamvqroyhbtxliwayqhjbbczeykv,2024-07-24
67565a3ac255e1401e8729ae,456173,Applicant,1234077,ahqtndzjminxpmfzteswrjtthwqkcxcqytbvelzzyaezrwdyqo,2023-12-24
67565a3ac255e1401e8729af,456035,Applicant,1234187,ygrgbjfkqfftplfqcbgtznwvlzbhwbzyvbqrdculiuizashdsp,2023-12-03
